Date,Close,High,Low,Open,Volume
2025-03-04,185022.375,186414.26820257926,182934.53519613112,183729.90274046213,5424556
2025-03-05,191981.859375,193274.3317581564,185519.49745921802,187110.2327000259,4162368
2025-03-06,191285.90625,192876.6414371102,189198.0663169179,192379.53669113826,2540131
2025-03-07,191285.90625,191683.59004677756,186811.96353625262,189894.01296127858,2700590
2025-03-10,186811.96875,190391.12302088877,186215.4430381852,186414.2849421235,2441476
2025-03-11,186712.546875,187905.59829273162,180250.18502895365,181045.55264077475,3521800
2025-03-12,197748.265625,198195.65989111993,188601.53840654853,191285.904003268,4064278
2025-03-13,198543.640625,203315.84630852527,194367.96065191537,201327.4272737231,3883033
2025-03-14,203315.84375,204807.15800733495,197350.58672066013,197350.58672066013,3397462
2025-03-17,204807.15625,208286.8894872573,202321.63250910194,205801.36574635922,2584679
2025-03-18,201824.53125,207789.78833128078,199836.1122229064,207292.6835745074,2696191
2025-03-19,204310.0625,208286.90069951338,199836.11952554746,200830.3290754258,3102000
2025-03-20,208784.0,209778.20952380952,204310.05714285714,205801.3714285714,2779557
2025-03-21,214252.15625,218228.99441705336,210772.42285382832,212263.73716647332,5731880
2025-03-24,210275.3125,213257.94104609927,208286.89346926712,210275.3125,1611040
2025-03-25,206795.578125,214252.1494516226,206795.578125,213257.93994140625,2262656
2025-03-26,212760.84375,214252.15807535048,207292.69122371497,207789.79599883177,2058540
2025-03-27,205801.375,210772.422705314,205304.2702294686,206795.5845410628,2287220
2025-03-28,198145.953125,203315.84251912945,197748.26932545158,201824.5282708229,2673553
2025-03-31,189595.75,194367.9555584688,189396.90810173046,192379.53657577347,4561715
2025-04-01,195859.296875,197350.61131821066,190888.24873096446,192478.98413705584,2317253
2025-04-02,196754.078125,200333.23265380244,196157.5523701996,197648.86675720062,2764223
2025-04-03,193473.15625,193473.15625,187110.2158594553,188502.10906988694,4177747
2025-04-04,181144.96875,188502.1189626784,177366.97269484084,186811.96283273876,9182017
2025-04-07,163845.734375,171799.41080097086,163845.734375,167027.20494538834,7879050
2025-04-08,168518.53125,172097.6858960177,167226.05873893804,171004.0553097345,4965171
2025-04-09,164044.578125,169015.6259469697,161757.89612689393,169015.6259469697,8035679
2025-04-10,182139.1875,188800.39140966156,178957.71697598253,188601.5495019105,7836984
2025-04-11,179753.078125,180747.28762790377,175080.29346135232,176770.4496162887,3223735
2025-04-14,179156.5625,183332.24264705883,176969.30147058825,181840.92830882352,3466194
2025-04-15,179554.25,181343.82724252492,178659.46137873756,179156.56616832782,1915455
2025-04-16,172992.453125,176472.18637751436,172495.3483746408,175477.97687679596,2933428
2025-04-17,173986.671875,174384.35569642857,170805.20130357143,171103.46416964286,2989493
2025-04-18,173986.671875,174483.7766517857,171799.41085714285,172992.46232142858,1305152
2025-04-21,175577.390625,178957.7027887882,173489.5507591308,173787.8135971121,1877473
2025-04-22,172793.609375,174483.76550812717,172296.5046299626,173986.66076308975,2008388
2025-04-23,179951.9375,180548.46325966853,177068.7296616022,178062.93926104973,3857373
2025-04-24,177267.546875,182338.01512549075,176571.60025238362,181741.4894489624,3162156
2025-04-25,183332.21875,183829.32346461498,181045.53706277115,181443.22083446314,3507810
2025-04-28,180946.125,182835.12300824176,178659.44320054946,182437.43921703295,2455710
2025-04-29,179753.078125,181840.91808109792,178062.92197006362,180946.1295284845,1866386
2025-04-30,176472.171875,178957.6954225352,175676.80433978874,178062.90694542255,2354473
2025-05-02,184922.96875,185121.81065188174,177366.97647849465,178361.18598790324,3886874
2025-05-07,189695.171875,190391.11852234014,184823.54534361896,186613.12243677935,3830097
2025-05-08,189198.078125,194865.07258276406,188303.2895264057,194865.07258276406,5125330
2025-05-09,188999.234375,191683.6001446607,185718.34287874802,190888.2325092057,2539822
2025-05-12,193870.84375,194069.68564102563,192379.5295673077,192478.9505128205,1624884
2025-05-13,197350.578125,200333.2065097607,196157.5267710957,199338.9970481738,3385009
2025-05-14,204807.15625,205801.36574635922,202818.73725728155,205801.36574635922,3333511
2025-05-15,199339.015625,206795.5872817955,198344.8060707606,206298.4825046758,3178957
2025-05-16,203315.84375,205552.81513600243,202321.63424511,204807.15800733495,2419507
2025-05-19,198245.390625,201824.5451197342,196356.39241944582,201824.5451197342,2482673
2025-05-20,200830.34375,206795.6014851485,200333.2389387376,201327.44856126237,2820546
2025-05-21,199339.015625,203812.9586190773,198742.48989245636,203315.8538419576,1721760
2025-05-22,195759.859375,200333.22328117065,195362.17555707213,198742.48800945914,1988587
2025-05-23,198841.90625,200333.220546875,197549.433859375,198742.485296875,1538701
2025-05-26,201824.53125,202321.6360067734,195759.85321736452,198841.9027093596,1459997
2025-05-27,201327.4375,202321.64706790124,198841.9135802469,199339.01836419755,1424916
2025-05-28,206795.578125,208286.89239032453,204807.1591045673,205304.2638596755,3161188
2025-05-29,211153.109375,213643.12245725238,206671.08582694575,213643.12245725238,3827689
2025-05-30,203683.0625,209161.09107579463,202189.05470660146,209161.09107579463,4826628
2025-06-02,206671.0625,207667.06762048192,202189.03945783133,204181.04969879516,1775752
2025-06-04,216631.140625,222109.16946839078,215635.13538074712,217129.14324712643,5108674
2025-06-05,223603.15625,229081.18457683743,221113.14337416482,224599.1614003341,5768506
2025-06-09,228085.1875,232567.21083515283,227089.1823144105,232069.2082423581,3666084
2025-06-10,229579.1875,231571.19780368762,226591.17204446855,230077.1900759219,3718655
2025-06-11,239041.234375,240037.23951822918,234061.20865885416,235057.21380208334,4230421
2025-06-12,234559.21875,245515.2756767516,234061.2161624204,241531.25497611467,4994238
2025-06-13,234559.21875,242029.25756369426,232816.20969347135,239539.2446257962,4100610
2025-06-16,247009.28125,247507.28383316533,237049.22958669355,237049.22958669355,3760740
2025-06-17,248005.28125,258961.33785140564,247009.2761044177,251989.3018323293,5044669
2025-06-18,245515.28125,250993.30983772821,244021.27345334686,244519.27605223126,4081001
2025-06-19,245017.265625,249001.28620426828,241033.2450457317,246013.27076981706,2317796
2025-06-20,255973.328125,255973.328125,246511.27903088523,248005.28678258756,3597877
2025-06-23,258463.34375,261949.36187379577,247507.28678949905,251491.30750240848,3398736
2025-06-24,277387.4375,281869.4607271095,268423.39104578097,268921.39362657093,5436312
2025-06-25,284857.46875,290335.4969951923,282865.458479021,287845.48415646853,5466598
2025-06-26,291829.53125,297307.5599936007,285853.4998933447,293323.5390891638,5894020
2025-06-27,282865.4375,293323.4906470071,279877.42231514084,286849.4577464789,5134863
2025-06-30,290833.53125,293323.5443600171,284857.4997859589,287347.512895976,4375298
2025-07-01,284359.46875,293323.5150503503,284359.46875,289837.4970446585,3687981
2025-07-02,277885.4375,282367.4606854839,273403.4143145161,282367.4606854839,4702056
2025-07-03,277387.4375,282865.4658886894,275893.42975763016,279877.4504039497,3642140
2025-07-04,269419.375,280375.43091497227,267925.36737523106,278383.42074861366,3654933
2025-07-07,269917.40625,270913.4114391144,263443.37252075644,264937.38030442805,2523564
2025-07-08,280873.46875,283861.484375,267427.3984375,269917.4114583333,3119395
2025-07-09,279877.46875,282865.48443060496,276391.4504559609,281371.4765903025,2626484
2025-07-10,295813.5625,295813.5625,282367.49147727276,282865.49410774413,4556065
2025-07-11,293323.53125,305275.59364388796,290833.5182512733,298303.5572474533,3732533
2025-07-14,298801.53125,301291.54401041666,291331.49296875,291331.49296875,2936976
2025-07-15,297307.53125,297307.53125,288841.4876465662,294817.5184254606,4196196
2025-07-16,294817.53125,298303.5493559966,291331.51314400334,297307.5441828547,3123297
2025-07-17,268423.375,288343.47704081633,266929.3673469388,282367.4464285714,9328322
2025-07-18,267925.375,273901.405669145,265933.36477695167,268921.3801115242,5359504
2025-07-21,271411.40625,273403.41657110094,265435.37528669724,266431.3804472477,2424891
2025-07-22,267427.375,272407.4006052142,265933.36731843575,271909.39804469276,3139858
2025-07-23,267925.375,269917.38522304833,263443.35199814127,266431.36733271374,3116279
2025-07-24,268423.375,277885.42346938775,267925.3724489796,275893.41326530615,3667144
2025-07-25,264937.375,273901.4215225564,264439.37241541356,271909.4111842105,2171063
2025-07-28,260953.359375,264439.37753458973,257467.3412154103,259957.3541865458,2877357
2025-07-29,261451.359375,263941.37232142856,253483.31794642858,253483.31794642858,2944177
2025-07-30,262447.375,264937.3880455408,259459.35934535105,261949.37239089186,2482807
2025-07-31,272407.40625,272905.40882084094,264439.36511654477,269917.39339579525,3472644
2025-08-01,256969.328125,265933.3744549419,255973.3229772287,264937.36930717056,3227394
2025-08-04,256969.328125,258961.33842054266,252985.30753391475,253483.3101078004,2281558
2025-08-05,262447.375,263443.38021821633,259459.35934535105,262945.37760910817,2118171
2025-08-06,257467.34375,259459.3541465184,256471.33855174083,259459.3541465184,1374559
2025-08-07,260953.359375,261949.3645634542,249001.29711354963,256969.3386211832,2724438
2025-08-08,255475.328125,264937.37731481483,254479.32294712475,260953.35660331385,2676174
2025-08-11,265933.375,266431.3775749064,258961.33895131087,259459.34152621723,2415473
2025-08-12,267925.375,274897.41078066913,266431.36733271374,266929.36988847586,3008648
2025-08-13,276889.4375,277885.4426708633,272905.41681654676,276889.4375,3472694
2025-08-14,275395.4375,276391.442698915,269419.40630651,276391.442698915,2101050
2025-08-18,266431.40625,270913.42990654206,265933.40362149535,270913.42990654206,1993220
2025-08-19,261949.359375,268921.39555608365,260455.35162191067,267427.3878029943,1709646
2025-08-20,254479.328125,255973.33592221135,249997.30473336595,253483.32292685908,3571545
2025-08-21,244021.265625,249997.29661989794,244021.265625,245515.27337372449,6301130
2025-08-22,249997.296875,251491.30462524903,244519.26845742034,244519.26845742034,3064062
2025-08-25,258463.34375,260455.35410645473,252985.31526974952,254977.32562620426,3183709
2025-08-26,260455.359375,261451.36457337477,255973.33598231358,258463.34897825046,2050625
2025-08-27,258961.34375,259957.34891826924,254977.3230769231,257965.3385817308,2801594
2025-08-28,267813.65625,267813.65625,252353.2775837989,253350.72136871508,3836024
2025-08-29,268312.375,269309.8187732342,265320.0436802974,267314.9312267658,1892127
2025-09-01,255345.609375,260332.82830810547,254348.1655883789,258836.66262817383,1837054
2025-09-02,259834.109375,260831.55317298463,255345.6122840691,255345.6122840691,1584710
2025-09-03,261829.0,264821.33142857143,257091.1419047619,258836.66857142857,2437896
2025-09-04,264821.34375,270307.2849576271,263823.8998940678,266317.5095338983,2189959
2025-09-05,272800.875,274297.04067641683,271304.70932358317,272302.15310786106,3103427
2025-09-08,276291.9375,278286.8251353791,273299.6060469314,277788.1032265343,2018299
2025-09-09,287263.84375,287762.5657009549,276291.96082899306,277289.40473090275,4158342
2025-09-10,303222.9375,304220.3813733553,292251.05489309214,293747.220703125,5265553
2025-09-11,306215.25,314194.80048859934,304719.08428338764,309207.5814332247,5148088
2025-09-12,327660.3125,328657.7563736682,318184.5957001522,321176.9273211568,4242516
2025-09-15,330153.90625,340627.06641805137,324169.2432968278,338632.178766994,4221256
2025-09-16,347110.4375,353095.1002155172,330652.6150323276,330652.6150323276,5841135
2025-09-17,332647.5,341624.4940029985,332647.5,340128.3283358321,4498866
2025-09-18,354591.25,356087.41561181436,335639.8189170183,337634.70639943745,4526286
2025-09-22,350102.75,358082.29985754983,344367.44853988604,348107.86253561254,4377563
2025-09-23,360077.21875,362072.10638850415,352097.6681959834,354591.2777441136,3315336
2025-09-24,356586.15625,363069.5409090909,347609.1621066433,358082.3219405594,4165199
2025-09-25,355588.71875,358082.3282784011,348606.61207047687,351100.221598878,2148215
2025-09-26,335639.84375,348107.89143759286,332148.790397474,346611.72571508173,3685324
2025-09-29,348107.875,350102.76253581664,338133.4373209169,338632.15920487104,2275986
2025-09-30,346611.71875,355588.7129046763,346611.71875,352097.65962230216,2238614
2025-10-01,359079.78125,361074.6689236111,350102.78671875,350102.78671875,2802437
2025-10-02,394489.03125,403466.02564001264,383018.4273072061,387506.9245022124,7430763
2025-10-10,426905.9375,438127.1800160631,415435.3340391355,424911.0499415888,6835852
2025-10-13,413939.15625,414437.878125,401969.83125,404463.440625,4356534
2025-10-14,410448.125,435384.2200789794,405460.90598420415,423913.61634264886,4101275
2025-10-15,421420.0,422916.1656804734,405959.62130177516,409450.674556213,2688019
2025-10-16,451343.3125,453836.921961326,419425.1113950276,419923.8332872928,4247934
2025-10-17,464310.09375,473785.8099489796,448350.99278329755,450345.8804041353,4541583
2025-10-20,484258.96875,484258.96875,464310.0925914006,476279.4182865603,3333903
2025-10-21,477775.5625,500716.7690501044,476778.118736952,495729.5502348643,4126858
2025-10-22,480269.1875,480767.90939771547,467801.1400571132,473785.80282969883,3870276
2025-10-23,477276.875,487251.3133490073,466803.7147335423,468798.6024033438,3583993
2025-10-24,508696.34375,511688.6751838235,490243.63324142154,491739.7989583333,4254202
2025-10-27,533632.4375,535627.3251168224,521663.11179906543,531637.5498831775,3381231
2025-10-28,519668.21875,525652.8815379079,507698.89317418425,519668.21875,5659008
2025-10-29,556573.625,557571.0687724014,521663.0929659498,536624.7495519713,4803031
2025-10-30,566548.0625,577519.9439920775,550588.9621478873,556573.6247799296,4888461
2025-10-31,557571.125,564553.2321109123,550589.0178890877,555576.2372540251,3351809
2025-11-03,618415.1875,622404.9629032258,553581.3371975806,555576.2248991935,5787058
2025-11-04,584502.0625,612430.4886945393,581509.7311220136,609438.1573165529,5969769
2025-11-05,577519.9375,585499.4875863558,530640.0807426597,561560.8373272885,8976222
2025-11-06,591484.1875,605448.4010328837,581509.7492622259,600461.1819139966,5321244
2025-11-07,578517.4375,597468.8707974138,563555.7796336206,575525.1059267242,4789397
2025-11-10,604450.9375,613427.9316212871,579514.8427186469,582507.1740924092,4893645
2025-11-11,617417.6875,644348.6690226172,602456.0310985461,620410.0187802908,5508697
2025-11-12,615422.8125,618415.143841167,599463.7120137764,603453.4871353323,2831484
2025-11-13,610435.625,620410.0633169934,605448.4058415033,605448.4058415033,3875541
2025-11-14,558568.5,583504.59375,558568.5,577519.93125,5778374
2025-11-17,604450.9375,604450.9375,582507.1740924092,586496.9492574257,4470947
2025-11-18,568542.9375,589489.25625,568542.9375,581509.7062499999,3544391
2025-11-19,560563.4375,568542.9882117438,544604.3360765125,561560.8813389679,4529736
2025-11-20,569540.4375,595473.977561296,568542.9936514887,593479.0898642732,4670237
2025-11-21,519668.21875,529642.6567298464,512686.1121641075,516675.88735604606,6646712
2025-11-24,518670.78125,540614.5450721154,515678.4498197115,529642.6631610576,6399162
2025-11-25,517673.34375,548594.1022398844,516675.8999277457,544604.3269508671,3716730
2025-11-26,522660.5625,526650.3377862596,499719.3546040077,511688.6804627863,5127393
2025-11-27,542998.0625,554975.9609375,532018.322265625,534014.638671875,3654092
2025-11-28,529023.8125,550983.291509434,529023.8125,549985.1333726415,2680138
2025-12-01,537009.0625,543996.1692611524,524033.0070864312,541001.6949349443,3134704
2025-12-02,556972.25,557970.4081541218,541001.7195340502,546990.6684587813,2686580
2025-12-03,550983.3125,557970.4197237319,542998.0471014493,548986.9961503623,2586619
2025-12-04,541001.75,541999.908210332,531020.1678966789,541001.75,2858305
2025-12-05,542998.0625,544994.37890625,526029.373046875,529023.84765625,3204933
2025-12-08,575937.25,578931.7244367418,532018.2915944541,541999.87305026,4288433
2025-12-09,564957.5,573940.9231448763,562961.183745583,567951.9743816254,2391174
2025-12-10,585918.8125,591907.7611797274,568950.1245741056,569948.2826873935,3986083
2025-12-11,563959.375,587915.1714601769,563959.375,581926.2223451327,4021907
2025-12-12,569948.3125,577933.577823993,558968.5726795096,563959.3635070053,2646148
2025-12-15,552979.625,562462.1275947653,534014.6198104693,534014.6198104693,2482125
2025-12-16,529023.8125,549985.1333726415,529023.8125,543996.1845518867,3287998
2025-12-17,549985.125,552979.5993647913,524033.0138384755,529023.8044464609,2692626
2025-12-18,550983.3125,561963.0524230073,536010.9398777174,537009.0980525363,2959059
2025-12-19,545992.5,568950.1371115174,545992.5,567951.978976234,3440005
2025-12-22,578931.75,578931.75,565955.6935344827,572942.800862069,2878464
2025-12-23,582924.375,591907.7985873288,579929.9004708905,583922.5331763698,2011188
2025-12-24,586917.0,589911.474489796,582924.3673469388,585918.8418367347,2160697
2025-12-26,597896.75,603885.699081803,588913.3263772955,592905.9590984975,4243548
2025-12-29,638821.25,638821.25,623848.876953125,628839.66796875,4176151
2025-12-30,649800.9375,657786.2024769585,632832.2494239631,637823.0400345622,4094603
2026-01-02,675753.0625,677749.3787850812,645808.3182237814,649800.9507939438,4181895
2026-01-05,694718.0625,698710.6950431034,682740.1648706896,696714.3787715518,4337511
2026-01-06,724662.8125,725660.9706439395,669764.1145833334,688729.1193181819,4830275
2026-01-07,740633.375,760596.5387466308,726659.1603773584,758600.2223719676,5693115
2026-01-08,754607.5625,786548.6233465609,729653.6087136244,729653.6087136244,6496379
2026-01-09,742629.6875,754607.5856854839,725660.9984038979,742629.6875,4343703
2026-01-12,747620.4375,760596.4931575434,733646.2237149533,753609.38626502,3329793
2026-01-13,736640.75,752611.2811653117,722666.5352303523,751613.1229674798,3771944
2026-01-14,740633.375,748618.6404986522,726659.1603773584,731649.9513140161,4885051
2026-01-15,747620.4375,748618.5956275034,725660.9586949266,730651.7493324432,3003414
2026-01-16,754607.5625,761594.6695601853,745624.1391369049,749616.7717427249,3712326
2026-01-19,762592.8125,772574.393815445,748618.598658377,753609.3893160995,3392008
2026-01-20,741631.5,762592.8209959624,735642.5511440107,762592.8209959624,2762369
2026-01-21,738637.0625,754607.593581081,726659.1641891892,727657.3223817567,5108442
2026-01-22,753609.4375,771576.2850165563,749616.8047185431,764589.1776490066,3545309
2026-01-23,765587.3125,774570.7359843546,742629.6747066493,752611.2563559322,3508272
2026-01-26,734644.375,752611.2211277174,734644.375,751613.0630095109,3133330
2026-01-27,798526.5,798526.5,731649.905625,736640.69625,5660198
2026-01-28,839451.0,852427.0558858502,801520.9904875149,808508.0975029727,6708497
2026-01-29,859414.1875,882371.8254936121,817491.544207317,877381.0346254356,6837983
2026-01-30,907325.75,929285.2290979098,851428.8941144114,852427.0522552255,7875195
2026-02-02,828471.25,886364.421686747,828471.25,868397.5753012048,7634191
2026-02-03,905329.4375,905329.4375,869395.7442805954,872390.2187155458,5272538
2026-02-04,898342.3125,904331.26125,881373.624375,882371.7825,3800763
2026-02-05,840449.1875,875384.723797506,836456.5547802851,849432.6111193587,5473720
2026-02-06,837454.6875,848434.4271454111,789543.0963200238,803517.3104141835,5581574
2026-02-09,885366.3125,897344.2107525365,871392.0978720406,896346.0525648252,4228584
2026-02-10,874386.5625,903333.1496147261,874386.5625,892353.4096746575,3441377
2026-02-11,858416.0,872390.2139534884,846438.1023255814,858416.0,3125590
2026-02-12,886364.4375,892353.386402027,876382.8559966217,880375.488597973,4619344
2026-02-13,878379.1875,901336.8253551137,876382.8711647728,887362.6110085228,3534047
2026-02-19,892353.375,911318.3796140939,886364.4261744966,903333.1145134228,3285109
2026-02-20,947252.0625,953241.0112618547,879377.309865648,890357.0492623815,5054333
2026-02-23,949248.4375,978195.0249737118,939266.8556125131,978195.0249737118,3523887
2026-02-24,1003148.9375,1003148.9375,944257.6068407961,950246.5557213931,4102382
2026-02-25,1016125.0,1036088.1630648329,1002150.7858546169,1010136.0510805501,3462525
2026-02-26,1099000.0,1099000.0,1023000.0,1024000.0,4461976
2026-02-27,1061000.0,1096000.0,1048000.0,1050000.0,6453062
