SMI,signal
,
,
,
,
,
,
,
,
,
,
,
,
,
,
,
,
,
,
,
,
,
,
,
,
,
32.5835892662783,
34.3902013260913,
36.7392353057746,
41.4050759361495,
46.509541737555,
51.4254807000858,
55.7051504447887,
58.2362193989319,
54.3696606805376,45.7071283106881
45.7809452951306,45.7218917075766
34.6756116529369,43.5126356966486
24.3418193715742,39.6784724316338
10.8903124675934,33.9208404388257
2.04642365837019,27.5459570827346
-8.07199425618469,20.4223668149507
-16.7019794178002,12.9974975684006
-21.6051960824133,6.07695883823777
-29.03210979477,-0.94485488836379
-34.0686037862274,-7.56960466793652
-40.5983537886195,-14.1753544920731
-46.5991045191952,-20.6601044974975
-49.8356135346618,-26.4952063049304
-53.5465727278587,-31.9054795895161
-54.396243529479,-36.4036323775087
-53.7248692385886,-39.8678797497247
-54.1563686573413,-42.725577531248
-53.4912841807926,-44.8787188611569
-52.3493935930154,-46.3728538075286
-50.6635044575554,-47.230983937534
-46.0991757731517,-47.0046223046575
-39.7633362029104,-45.5563650843081
-35.1719764288169,-43.4794873532099
-31.9732166078763,-41.1782332041432
-32.5801353061004,-39.4586136245346
-32.9278415191172,-38.1524592034511
-32.154926165353,-36.9529525958315
-30.1212485749614,-35.5866117916575
-33.4142293308542,-35.1521352994968
-40.3009018588195,-36.1818886113614
-43.5093677436636,-37.6473844378218
-47.0785093851111,-39.5336094272797
-40.0245208162006,-39.6317917050639
-34.9499411979378,-38.6954216036386
-29.4033467538159,-36.8370066336741
-23.4484457373437,-34.159294454408
-17.3519583678416,-30.7978272370947
-13.9210444637683,-27.4224706824294
-11.5051741901056,-24.2390113839647
-11.3130954823341,-21.6538282036386
-9.15990026119651,-19.1550426151501
-4.91486848288156,-16.3070077886964
1.75890905181821,-12.6938244205935
8.67931156266545,-8.41919722394171
14.7786272102701,-3.77963233709935
19.8774931720137,0.951792764723258
24.5626030583368,5.67395482344596
28.7758722282711,10.294338304411
33.4986255919188,14.9351957619125
37.5773343989654,19.4636234893231
40.527964338539,23.6764916591663
43.2844849680571,27.5980903209445
45.9730928030109,31.2730908173577
47.8638622245614,34.5912450987985
50.7780384766384,37.8286037743664
53.7705005638303,41.0169831322592
56.9107464024014,44.1957357862877
59.6499365396693,47.286575936964
62.5107169134828,50.3314041322678
64.824785720997,53.2300804500136
66.5595185945962,55.8959680789301
66.716883886613,58.0601512404667
66.5060136657074,59.7493237255149
65.2870007529083,60.8568591309935
65.8541491156818,61.8563171279312
66.3698681599447,62.7590273343339
66.1453908457999,63.4363000366271
65.4056672348571,63.8301734762731
65.2884010198457,64.1218189849876
65.861177617767,64.4696907115435
66.7973554187856,64.9352236529919
66.1501883483139,65.1782165920563
66.2988617928103,65.4023456322071
66.9394804302521,65.7097725918161
68.285019261322,66.2248219257173
68.8433638437507,66.748530309324
69.2158911618963,67.2420024798385
67.5715991374576,67.3079218113623
67.460405910193,67.3384186311284
66.2754421329485,67.1258233314925
64.5485561368119,66.6103698925563
61.5389510071741,65.5960861154799
59.9176162769007,64.4603921477641
60.382685491014,63.644850816414
61.1082722076745,63.1375350946661
62.7706401821027,63.0641561121535
64.4583927317073,63.3430034360642
66.4895547253085,63.9723136939131
66.7218012550924,64.522211206149
67.8440957423441,65.186588113388
69.8592480221049,66.1211200951314
70.4232040548536,66.9815368870758
70.6607422912574,67.7173779679121
72.0279088056383,68.5794841354574
73.3416135025754,69.531910008881
73.5861053599088,70.3427490790866
73.9954091367402,71.0732810906173
73.5593181549792,71.5704885034897
72.9084309421685,71.8380769912254
73.389721766819,72.1484059463442
73.6817939475079,72.4550835465769
74.0030176591252,72.7646703690866
72.9651709075756,72.8047704767844
72.5206168765155,72.7479397567306
72.7602409580223,72.7503999969889
73.2249611579893,72.845312229189
74.1053122742678,73.0973122382048
73.3293571824835,73.1437212270605
72.4815495181374,73.0112868852759
69.4381560899249,72.2966607262057
60.7161299204049,69.9805545650455
55.5293861725548,67.0903208865474
49.7730963706198,63.6268759833619
47.5020540003432,60.4019115867582
47.2624314754553,57.7740155644976
49.9130623915921,56.2018249299165
51.6745596018342,55.2963718643
55.2211106000024,55.2813196114405
58.09337254242,55.8437301976364
60.3440704063144,56.743798239372
60.999382667837,57.594915125065
61.1627788545163,58.3084878709553
57.9451326132366,58.2358168194116
52.0233810809586,56.993329671721
44.4957476860364,54.4938132745841
40.3026428605367,51.6555791917746
36.6272235564877,48.6499080647172
34.2692435224157,45.7737751562569
32.8334850459795,43.1857171342014
33.1136825190476,41.1713102111707
31.0578536819776,39.1486189053321
26.9340958525388,36.7057142947734
24.7699340305634,34.3185582419314
25.9843286603747,32.6517123256201
27.6622339030368,31.6538166411034
30.5570451604365,31.43446234497
34.4595308030858,32.0394760365932
37.9013090961482,33.2118426485042
42.0889065707427,34.9872554329519
46.3777453595446,37.2653534182704
51.2190054075351,40.0560838161234
55.2647580150144,43.0978186559016
58.2532146046602,46.1288978456533
61.2787705174024,49.1588723800031
64.4410389665699,52.2153056973165
67.4461275097841,55.26147005981
68.4386769137978,57.8969114306076
67.7887279848382,59.8752747414537
65.7201905539566,61.0442579039543
64.156581381641,61.6667225994916
63.5812213487156,62.0496223493364
63.8018530683252,62.4000684931342
65.1190760479069,62.9438700040887
66.6167276411097,63.6784415314929
66.9648695091846,64.3357271270312
67.8176923065517,65.0321201629353
67.2780433250541,65.4813047953591
68.6137586176997,66.1077955598272
70.0947064773657,66.9051777433349
62.2732388908056,65.978789972829
57.290342825667,64.2411005433966
51.663271379132,61.7255347105437
47.7892839743156,58.9382845632981
43.753452481628,55.9013181469641
41.4972863786119,53.0205117932936
43.1888722692541,51.0541838884857
45.8762583428656,50.0185987793617
46.2070882378117,49.2562966710517
48.0243827034731,49.009913877536
51.1508456703867,49.4381002361061
55.7974721559239,50.7099746200697
60.2784174513778,52.6236631863313
64.3530689823682,54.9695443455387
64.6116511446791,56.8979657053668
64.4977796149619,58.4179284872858
65.1988904182037,59.7741208734694
61.8801311983225,60.19532293844
58.8361835006085,59.9234950508737
52.3712427586921,58.4130445924374
44.8698153472633,55.7043987434026
41.6168078183698,52.886880558396
39.2671714835393,50.1629387434247
37.2184166191798,47.5740343185757
31.6350890308122,44.386245261023
25.6196494226544,40.6329260933493
18.6114187589847,36.2286246264764
10.3922241087817,31.0613445229374
3.37929692246162,25.5249350028423
-4.53764730380644,19.5124185415125
-10.338763101622,13.5421822128856
-10.7103190634606,8.69168195761639
-8.5233950977497,5.24866654654317
-4.32325804786741,3.33428162766106
1.46193658781294,2.95981261969143
6.78495690328354,3.72484147640986
13.1089668134085,5.60166654380959
19.6180972419469,8.40495268343705
25.578370583639,11.8396362634774
31.018680631593,15.6754451371006
35.5382660300312,19.6480093156867
39.7244977724138,23.6633070070321
44.1426885604492,27.7591833177155
46.8977253042606,31.5868917150246
45.9931977702574,34.4681529260711
42.3010814962813,36.0347386401132
38.2731070826843,36.4824123286274
31.5682788971171,35.4995856423253
26.669496551418,33.7335678241439
24.7392675796235,31.9347077752398
24.6342887216022,30.4746239645123
26.011052477691,29.581909667148
28.3075343873765,29.3270346111937
30.7353773930721,29.6087031675694
32.2480413608617,30.1365708062279
33.5317221786464,30.8156010807116
33.0948525510234,31.2714513747739
31.77906970244,31.3729750403071
31.7465206686853,31.4476841659828
34.0183361616101,31.9618145651082
35.8340876644592,32.7362691849784
35.8139406417566,33.3518034763341
37.4072980326842,34.1629023876041
39.4823811945039,35.226798148984
41.1247443503725,36.4063873892617
40.0256359319321,37.1302370977958
38.8154343898205,37.4672765562008
37.4256854688122,37.458958338723
31.1057427430363,36.1883152195857
26.8304968880932,34.3167515532872
25.3030158140215,32.5140044054341
25.5876706840344,31.1287376611541
27.5277137892285,30.408532886769
31.489264948211,30.6246792990574
35.4459303445119,31.5889295081483
37.7319957208021,32.8175427506791
36.1006874264206,33.4741716858274
35.2265504771699,33.8246474440959
30.7924920050416,33.2182163562851
22.3377008735957,31.0421132597472
11.2549304414591,27.0846766960896
5.1909559068208,22.7059325382358
2.72070442663268,18.7088869159152
0.321647846760705,15.0314391020843
-1.26504272301444,11.7721427370645
-6.48364835511417,8.1209845186288
-11.9827930822559,4.10022899845187
-16.7102175867045,-0.0618603185793964
-18.8180698817285,-3.81310223120921
-20.780988763602,-7.20667953768776
-21.0145376645217,-9.96825116305456
-21.6196885156891,-12.2985386335815
-20.3008762056074,-13.8990061479866
-15.6696474396662,-14.2531344063226
-12.399444971114,-13.8823965192809
-10.259686654867,-13.1578545463981
